INSERT INTO	users
	(id, github_id, display_name, avatar_url, bio)
VALUES
	('bernie-walker', '58025656', 'Bernard Nehal Dcunha', 'https://avatars3.githubusercontent.com/u/583231?v=4', ''),
	('palpriyanshu', '58025838', 'Priyanshu Pal', 'https://avatars3.githubusercontent.com/u/583231?v=4', 'Take New Zealand. With its fancy curve and life back to normal. Why can’t we? Not fair, you say. It’s an island nation. Okay. What about Germany? Not an island nation, large, growing diversity. Don’t like that comparison? What about countries that have been in big trouble? There’s Italy, France, and Spain.'),
	('shiviraj', '58025059', 'Shivam Rajputh', 'https://avatars3.githubusercontent.com/u/583231?v=4', ''),
	('lazyhackerthani', '32271882', 'Thanya Cherumanalil', 'https://avatars3.githubusercontent.com/u/583231?v=4', ''),
	('bugdriver', '41767214', 'Rajath Kushawaha', 'https://avatars3.githubusercontent.com/u/583231?v=4', '');

INSERT INTO stories
	(written_by, state, title, content, cover_image, last_modified)
VALUES
	('bernie-walker', 'published', 'Complex Systems Theory Explains Why Covid Crushed the World', '[{"type":"image","data":{"file":{"url":"/blog_image/image_1.png"},"caption":"wear masks when going out","withBorder":false,"stretched":false,"withBackground":false}},{"type":"paragraph","data":{"text":"If things continue as is, by November 1, Covid-19 will have killed more than 224,000 Americans. The adjusted forecast, released last week by the University of Washington’s Institute for Health Metrics and Evaluation (IHME), is largely attributable to the surge in infections and hospitalizations in states like Texas, California, Arizona, and Florida. No place on Earth is immune from the pain and suffering this global medical crisis has wrought, but the United States of America has behaved as if it’s determined to lead in deaths."}},{"type":"paragraph","data":{"text":"The latest IHME projections went up by 16,000 — a nearly 8% rise — but there’s a simple way to prevent more than 40,000 deaths from that dire total. All Americans have to do is stop trolling science and wear a mask."}},{"type":"paragraph","data":{"text":"“If 95% of Americans wore masks each time they left their homes,” the IHME said in a statement, “infection rates would drop, hospitalizations would drop, and forecast deaths would drop.”"}},{"type":"paragraph","data":{"text":"The Centers for Disease Control and Prevention (CDC) agrees. “If we could get everybody to wear a mask right now,” Dr. Robert Redfield, director of the CDC, said during an interview with the Journal of the American Medical Association’s Dr. Howard Bauchner. “I think in four, six, eight weeks we could bring this epidemic under control.”"}}]', '/blog_image/image_1.png', '2020-07-23 09:05:35'),
	('shiviraj', 'published', 'Why You Should Buy Your First Mechanical Keyboard In 2020', '[{"type":"image","data":{"file":{"url":"/blog_image/image_9.png"},"caption":"","withBorder":false,"stretched":false,"withBackground":false}},{"type":"paragraph","data":{"text":"Have you been working on front-end technologies and been feeling like you’re missing out something in the whole development process? Well, here’s a good place to start. If you’re been building apps using HTML, CSS and JavaScript, you may want to learn how to build servers that serve content to these front end technologies. For a more interactive in-depth tutorial, you can refer to this YouTube video I made for this article."}},{"type":"paragraph","data":{"text":"Static files and data"}},{"type":"image","data":{"file":{"url":"/blog_image/image_10.png"},"caption":"sunshine","withBorder":false,"stretched":false,"withBackground":false}},{"type":"paragraph","data":{"text":"First, you’ll need to recognize the difference between serving static assets and serving data. Serving static files is serving your HTML, CSS and JavaScript pages as they are. The reason they’re called static files is because they are not changed by the server nor run, they’re merely sent back as files for your browser to parse through. This is what you’ve most probably been doing without even realizing."}},{"type":"paragraph","data":{"text":"Express is a really cool Node framework that’s designed to help JavaScript developers create servers really quickly. NodeJS may be server side, but it can do a whole lot more than just serve pages and data. NodeJS is a powerful platform that lets you run JavaScript on your shell similar to how you’d run Python."}}]', '/blog_image/image_9.png', '2020-07-23 09:40:18'),
	('bernie-walker', 'published', 'Zoom Just Launched a New Device for Your WFH Battle Station', '[{"type":"paragraph","data":{"text":"Unbelievable as it seems, this is a basic REST based API. You make a request to a specific endpoint and get data back in a stateless manner. Very simply put. No complexity here. This is the most basic API you’ll need to do to understand how REST APIs work. In future tutorials, I’ll show you how to connect to a database, query data and return the data using REST protocol."}},{"type":"paragraph","data":{"text":"Below is an image of my PostMan app querying the same server."}},{"type":"image","data":{"file":{"url":"/blog_image/image_3.png"},"caption":"the waves","withBorder":false,"stretched":false,"withBackground":false}},{"type":"paragraph","data":{"text":"So as you can see, our server isn’t restricted to browsers only. You can use Native apps and IoT devices as well to get data as long as it implements the HTTP protocol."}},{"type":"paragraph","data":{"text":"If Express is really exciting for you, you might wonder where to use this knowledge. Well, there are a number of ways I’d suggest. Express is a backend framework, you might want to expand to the frontend as well after learning how the backend works, that would make you a full stack developer that can develop both the technology that generates and stores data and the one that consumes and displays the data. The MEAN Stack would be a great model to learn with, although I must admit it is more of preference. The best thing about the MEAN Stack is the use of JavaScript syntax across your entire product, from frontend, backend to even the database. MongoDB saves data in BJSON which looks strikingly identical to JSON making it super easy to learn. If you choose to learn the MEAN Stack, here is a great article I made that get you started in a couple of minutes."}}]', '/blog_image/image_3.png', '2020-07-23 09:11:55'),
	('palpriyanshu', 'published', 'I Spent 3 Weeks in School, With Kids, Under Covid-19', '[{"type":"image","data":{"file":{"url":"/blog_image/image_4.png"},"caption":"dog","withBorder":false,"stretched":false,"withBackground":false}},{"type":"paragraph","data":{"text":"This means our app is now successfully running on port 3000. To view our data, open up your browser and enter http://localhost:3000/url. You’ll expect to see something like this on your browser."}},{"type":"image","data":{"file":{"url":"/blog_image/image_5.png"},"caption":"","withBorder":false,"stretched":false,"withBackground":false}},{"type":"paragraph","data":{"text":"This is what your cmd should look like after running this command."}},{"type":"paragraph","data":{"text":"To run your app, use the command below."}},{"type":"paragraph","data":{"text":"Running your app."}}]', '/blog_image/image_4.png', '2020-07-23 09:26:27'),
	('bugdriver', 'published', 'The 7 Habits of Truly Charming People', '[{"type":"image","data":{"file":{"url":"/blog_image/image_6.png"},"caption":"lighthouse","withBorder":false,"stretched":false,"withBackground":false}},{"type":"paragraph","data":{"text":"This installs the express-generator tool that generates a complete express app. As I told you before, npm is a useful tool in installing modules that you might need. But wait a minute, what does the -g flag do? When installing modules to use in JS, you might want to use the modules in that specific app like installing mongoose so you can use mongoose methods to query data from your MongoDB instance. But then, you can also install modules/tools that you can use anywhere on your computer. These tools are available on the command line but only available if you install them globally. The -g flags specifies that you’re installing the module globally to use anywhere within your computer. Not using the -g flag will install the tool/module into that specific folder and will not be available outside that scope."}},{"type":"paragraph","data":{"text":"Installing Express."}},{"type":"paragraph","data":{"text":"Please use the second method to generate a package.json file almost similar to the one pictured above. Second thing we want to do is install Express into our app. Note, we aren’t going to install express globally as we need to use it in this specific folder/app. Use the command below to install Express."}},{"type":"paragraph","data":{"text":"The save flag is used to edit your package.json file and add express as a dependency. After the installation is complete, open up your package.json to see express listed as a dependency. With this, you could send just your code and package.json file to a friend and request them to use npm to install the dependencies on their computer saving you some amount of data. To install, your friend will have to open up cmd inside the app folder and use the command npm install."}}]', '/blog_image/image_6.png', '2020-07-23 09:35:56'),
	('shiviraj', 'published', 'How a Sleep Tracker Became the Hottest Device of the Pandemic', '[{"type":"paragraph","data":{"text":"To get started, head over to https://nodejs.org and download the most stable release of NodeJS. It’s noteworthy to remember not to download the latest version since it may contain bugs and features that could be removed from the final version. Once you download NodeJS binaries, install it into your machine using the instructions provided on the page relative to your platform."}},{"type":"image","data":{"file":{"url":"/blog_image/image_7.png"},"caption":"flowers","withBorder":false,"stretched":false,"withBackground":false}},{"type":"paragraph","data":{"text":"To confirm installation, close any open cmd instance that may be running and start a new instance. Type the following two commands to display the version of Node installed and NPM. NPM is the Node Package Manager and is a tool for installing, uninstalling and maintaining package modules for your app."}},{"type":"paragraph","data":{"text":"Initialize a new app."}},{"type":"paragraph","data":{"text":"There are three ways to initialize a new express app. I’ll go over them briefly explaining each but will only showcase the second one."}}]', '/blog_image/image_7.png', '2020-07-23 09:38:09');

INSERT INTO stories
	(written_by, state, title, content, last_modified)
VALUES
	('palpriyanshu', 'published', 'Inside the Revolutionary Treatment That Could Change Psychotherapy Forever', '[{"type":"paragraph","data":{"text":"You might be wondering where the REST attribute comes in. REST stands for REpresentational State Transfer. This means there is no state between the client and the server. There are no webpages served to be parsed, just data. And this gives you all the freedom you need. All you need to do is write some logic on a specific URL that connects to a database, uses it’s logic to process the data and return it in JSON format. Your client can now be an Android app made in Java, or a Windows desktop app made in C# or an Arduino project."}},{"type":"paragraph","data":{"text":"The data returned is an array of string. This is raw data."}},{"type":"paragraph","data":{"text":"How it all fits as a REST based API."}},{"type":"paragraph","data":{"text":"This is the whole point of using REST, it makes the connection stateless therefore any client that utilizes the HTTP protocol can access this data. Now you can iterate through the data and display it anywhere you want."}}]', '2020-07-23 09:24:18'),
	('lazyhackerthani', 'published', 'You Can’t Kill the Bloomberg Terminal. But If You Were Going to Try, Here’s How.', '[{"type":"paragraph","data":{"text":"A server receives requests, processes them and returns a response. So you need to use routes to handle this requests. The requests have three major types, a GET request that get’s data, a POST request that sends data securely, a PUT request that updates data and a DELETE request that deletes data."}},{"type":"paragraph","data":{"text":"Let’s create a simple GET request that returns a list of users. Under var app = express(), write down the following code."}},{"type":"paragraph","data":{"text":"Setting request handlers."}},{"type":"paragraph","data":{"text":"This simple function makes the express app to use the url handle “/url” to trigger the callback that follows it. The callback accepts three parameters, req is the request body and carries information about the request. The res is the response body and is used to handle response functions like .render() to render templates and .json() to return json data."}}]', '2020-07-23 09:28:41'),
	('bernie-walker', 'published', 'We’re Too Obsessed With the “End of” Everything', '[{"type":"paragraph","data":{"text":"Then create the app.js file or whatever you prefer naming it (default is index.js) and add in the following code."}},{"type":"paragraph","data":{"text":"Congrats! You just made your first useless express server! So let’s go through the code and learn why our server is useless and why it’s not implementing the REST protocol yet. The first line requires express and uses the express variable to represent it. The second line initialized express using the brackets which initializes an express server and puts the initialized server into the variable app. So now whenever we want to use our express server, we would need to use the app variable which represents our app! We then set our app to listen to port 3000 and create a callback function that says our server is running on port 3000."}},{"type":"paragraph","data":{"text":"Your app will now be accessible using http://localhost:3000, but hitting that endpoint now won’t get you anything since you haven’t configured your server to listen to any events."}},{"type":"paragraph","data":{"text":"Creating the app."}}]', '2020-07-23 09:31:04'),
	('palpriyanshu', 'published', 'The 10 Types of Tippers, According to Servers', '[{"type":"paragraph","data":{"text":"The first way is creating the files by hand. A basic Node app contains a .js file and a package.json file. The package.json file contains a couple of properties. First one is name which holds the name of the app, second is version which shows the version of your app, a description of your app, main that points to the entry point of your application. There’s also scripts, that can be run when you need to perform some repetitive tasks, author name, licence, dependencies and devDependencies."}},{"type":"paragraph","data":{"text":"The package.json describes the app. It is very important. When uploading your app, your dependencies will be listed avoiding duplication and excessive data transfer. An angular 6 app node modules is around 230MB, that will take a lot of time to download or upload. So we omit these modules and just list them instead, then use the package.json to install the modules whenever we need to run the app on another machine. To understand this concept, I’ll explain it better when making an introduction to Git tutorial."}},{"type":"paragraph","data":{"text":"The second way you can initialize an app is using the npm tool. It’s the simplest but not the fastest way. All you have to do is open up your cmd in the folder you want to create your app in and type npm init to interactively create your package.json file."}},{"type":"paragraph","data":{"text":"The third way is the simplest, but a little complex for beginners as it creates files that you will be unfamiliar with especially if you’ve never done NodeJS. It also required you to install the express tool to generate a complete express template and not just the package.json."}}]', '2020-07-23 09:34:03'),
	('shiviraj', 'drafted', 'pyar kiya to darna kya', '[]', '2020-07-27 09:40:03'),
	('shiviraj', 'drafted', 'dhoka de diya, dil thod diya', '[]', '2020-07-24 08:34:03'),
	('lazyhackerthani', 'drafted', 'why am i lazy', '[]', '2020-07-25 09:34:10'),
	('lazyhackerthani', 'drafted', 'how to hack it', '[]', '2020-07-26 09:34:30');


INSERT INTO tags
	(tag_on, tag)
VALUES
	(3, 'go green'),
	(5, 'romance'),
	(6, 'love kills'),
	(8, 'hacking');

INSERT INTO claps
	(clapped_on, clapped_by)
VALUES
	(6, 'bernie-walker'),
	(6, 'palpriyanshu'),
	(6, 'lazyhackerthani'),
	(3, 'bernie-walker'),
	(3, 'shiviraj'),
	(8, 'palpriyanshu'),
	(8, 'shiviraj');

INSERT INTO comments
	(commented_by, commented_on, comment)
VALUES
	('bernie-walker', 6, 'nice'),
	('palpriyanshu', 6, 'cool'),
	('lazyhackerthani', 6, 'very good'),
	('bernie-walker', 3, 'wonderful'),
	('shiviraj', 3, 'extra ordinary'),
	('palpriyanshu', 8, 'informative'),
	('shiviraj', 8, 'picturesque');
